"Locality_Siege";"CountryName";"CountryCode";"Continent";"CityAddress";"typeofcorrect";"lon";"lat";"distance";"timezone.gmtOffset";"timezone.timeZoneId";"timezone.dstOffset";"asciiName";"astergdem";"countryId";"fcl";"srtm3";"adminId2";"adminId3";"countryCode";"adminCodes1.ISO3166_2";"adminId1";"GN_lat";"fcode";"continentCode";"adminCode2";"adminCode3";"adminCode1";"GN_lon";"geonameId";"toponymName";"population";"adminName5";"adminName4";"adminName3";"alternateNames.isPreferredName";"alternateNames.name";"alternateNames.lang";"adminName2";"name";"fclName";"countryName";"fcodeName";"adminName1";"adminCodes2.ISO3166_2";"elevation";"adminId4";"adminCode4";"alternateNames.isShortName";"adminId5";"adminCode5";"alternateNames.isHistoric";"bbox.east";"bbox.south";"bbox.north";"bbox.west";"bbox.accuracyLevel";"score";"cc2";"alternateNames.isColloquial";"DistGeoGN"
"Salies";"France";"FR";"Europe";"Salies, France";"lonlat";2,1294;43,8919;;;;;;;;;;;;;;;;;;;;;;;;;;;;;;;;;;;;;;;;;;;;;;;;;;;;;
"Val De San Martin";"Spain";"ES";"Europe";"Val De San Martin, Spain";"lonlat";-1,4474;41,057121;"NA";1;"Europe/Madrid";2;"San Martin de Valdeiglesias";680;2510769;"P";675;6355233;6359354;"ES";"MD";3117732;40,36185;"PPLA3";"EU";"M";28133;29;-4,39831;3110326;"San Martín de Valdeiglesias";6965;;;"San Martín de Valdeiglesias";"NA";"سان مارتن دي فالديجليسياس";"ar";"Madrid";"San Martín de Valdeiglesias";"city, village,...";"Spain";"seat of a third-order administrative division";"Madrid";"M";"NA";"NA";"NA";"NA";"NA";"NA";"NA";"-4.38510949877894";"40.3517943428549";"40.3719047528296";"-4.411506101807";2;"53.4766311645508";"NA";"NA";260742,593078027
"Greci";"Italy";"IT";"Europe";"Greci, Italy";"lonlat";15,1693633;41,2530228;"NA";1;"Europe/Rome";2;"Castrignano De' Greci";96;3175395;"P";83;3174952;6540756;"IT";75;3169778;40,17342;"PPLA3";"EU";"LE";75018;13;18,29643;3179382;"Castrignano De' Greci";4070;;;"Castrignano de' Greci";"NA";"Castrignano de' Greci";"en";"Provincia di Lecce";"Castrignano de' Greci";"city, village,...";"Italy";"seat of a third-order administrative division";"Apulia";"LE";"NA";"NA";"NA";"NA";"NA";"NA";"NA";"18.3040701926917";"40.1659348205703";"40.1794888727555";"18.2881858967479";10;"64.2161254882812";"NA";"NA";289913,534773863
"La Figuera";"Spain";"ES";"Europe";"La Figuera, Spain";"lonlat";0,7310074;41,2160813;"NA";1;"Europe/Madrid";2;"La Font de la Figuera";590;2510769;"P";588;2509951;6361993;"ES";"VC";2593113;38,8;"PPL";"EU";"V";46128;60;-0,88333;2517523;"La Font de la Figuera";2139;;;"Font de la Figuera, la";"TRUE";"La Font de la Figuera";"ca";"Valencia";"La Font de la Figuera";"city, village,...";"Spain";"populated place";"Valencia";"V";"NA";"NA";"NA";"NA";"NA";"NA";"NA";"-0.877562878696951";"38.7955031756243";"38.8044968243757";"-0.889103721303049";2;"56.1468811035156";"NA";"NA";302118,205897815
"Michele";"Italy";"IT";"Europe";"Michele, Italy";"lonlat";14,226111;40,554816;"NA";1;"Europe/Rome";2;"San Michele Mondovi";446;3175395;"P";449;3177699;6540133;"IT";21;3170831;44,37595;"PPLA3";"EU";"CN";4210;12;7,90829;3167957;"San Michele Mondovì";1368;;;"San Michele Mondovì";"NA";"San Michele Mondovì";"de";"Provincia di Cuneo";"San Michele Mondovì";"city, village,...";"Italy";"seat of a third-order administrative division";"Piedmont";"CN";444;"NA";"NA";"NA";"NA";"NA";"NA";"7.91652584407841";"44.37161603551";"44.3812089090369";"7.90011161749461";10;"59.3748321533203";"NA";"NA";369596,05351942
"Fonte";"Italy";"IT";"Europe";"Fonte, Italy";"lonlat";11,8682348;45,787098;"NA";1;"Europe/Rome";2;"Fonte Umano-San Martino Alta";118;3175395;"P";114;3171163;6537468;"IT";65;3183560;42,52084;"PPL";"EU";"PE";68012;1;14,1076;8949058;"Fonte Umano-San Martino Alta";1743;;;"Città Sant'Angelo";"NA";"Q18427354";"wkdt";"Provincia di Pescara";"Fonte Umano-San Martino Alta";"city, village,...";"Italy";"populated place";"Abruzzo";"PE";"NA";"NA";"NA";"NA";"NA";"NA";"NA";"14.1207574899211";"42.5156121797569";"42.5267886875834";"14.0905053489202";10;"35.0620803833008";"NA";"NA";405163,505282538
"La Couronne";"France";"FR";"Europe";"La Couronne, France";"lonlat";0,101397;45,608466;"NA";1;"Europe/Paris";2;"Grand-Couronne";23;3017382;"P";17;2975248;2982651;"FR";"NOR";11071621;49,35563;"PPL";"EU";76;763;28;1,00647;3015267;"Grand-Couronne";9569;;"Grand-Couronne";"Rouen";"NA";"La Réunion";"fr_1793";"Seine-Maritime";"Grand-Couronne";"city, village,...";"France";"populated place";"Normandy";"NA";"NA";6443248;76319;"NA";"NA";"NA";"NA";"1.02473996181861";"49.3437335210123";"49.3675284789877";"0.988200038181386";2;"57.5622482299805";"NA";"NA";422644,228258418
"Lei";"Italy";"IT";"Europe";"Lei, Italy";"lonlat";8,55876;40,182018;"NA";1;"Europe/Rome";2;"Naples";23;3175395;"P";14;3172391;3172395;"IT";72;3181042;40,85216;"PPLA";"EU";"NA";63049;4;14,26811;3172394;"Naples";959470;;;"Naples";"TRUE";"Napels";"af";"Naples";"Naples";"city, village,...";"Italy";"seat of a first-order administrative division";"Campania";"NA";17;"NA";"NA";"NA";"NA";"NA";"NA";"14.3537066357826";"40.7918902913658";"40.9159323529191";"14.1394290971699";10;"150.939437866211";"NA";"NA";456132,462749473
"Foradada";"Spain";"ES";"Europe";"Foradada, Spain";"lonlat";1,0129973;41,8768861;"NA";1;"Europe/Madrid";2;"Pilar de la Horadada";44;2510769;"P";31;2521976;6355515;"ES";"VC";2593113;37,86591;"PPLA3";"EU";"A";3902;60;-0,79256;2512581;"Pilar de la Horadada";22050;;;"Pilar de la Horadada";"NA";"El Pilar de la Foradada";"an";"Alicante";"Pilar de la Horadada";"city, village,...";"Spain";"seat of a third-order administrative division";"Valencia";"A";"NA";"NA";"NA";"NA";"NA";"NA";"NA";"-0.768387588180279";"37.8468313397797";"37.884988159901";"-0.816733566604878";2;"48.2158737182617";"NA";"NA";472363,493534819
"Laval";"France";"FR";"Europe";"Laval, France";"lonlat";-0,7669906;48,0785146;"NA";1;"Europe/Paris";2;"Saint-Genis-Laval";246;3017382;"P";245;2987410;2996943;"FR";"ARA";11071625;45,69542;"PPL";"EU";69;691;84;4,79316;2979985;"Saint-Genis-Laval";20883;;"Saint-Genis-Laval";"Lyon";"TRUE";"Genis-le-Patriote";"fr_1793";"Rhône";"Saint-Genis-Laval";"city, village,...";"France";"populated place";"Auvergne-Rhône-Alpes";69;"NA";6441764;69204;"NA";"NA";"NA";"NA";"4.81970970429031";"45.6768751181191";"45.7139568818809";"4.76660229570969";2;"111.207580566406";"NA";"NA";499129,935436978
"Berg";"Austria";"AT";"Europe";"Berg, Austria";"lonlat";17,0409926;48,1033371;"NA";1;"Europe/Vienna";2;"St Anton am Arlberg";1308;2782113;"P";1307;2773069;7873670;"AT";7;2763586;47,1275;"PPL";"EU";706;70621;7;10,26372;2766757;"St Anton am Arlberg";1763;;;"St. Anton am Arlberg";"NA";"St. Anton am Arlberg";"de";"Landeck";"Saint Anton";"city, village,...";"Austria";"populated place";"Tyrol";"NA";"NA";"NA";"NA";"TRUE";"NA";"NA";"NA";"10.2966989699789";"47.121150052801";"47.1442464801865";"10.2465751059006";10;"59.5074501037598";"NA";"NA";519858,629541686
"Ari";"Italy";"IT";"Europe";"Ari, Italy";"lonlat";14,255458;42,2862905;"NA";1;"Europe/Rome";2;"Cagliari";37;3175395;"P";41;2525471;6540125;"IT";88;2523228;39,23054;"PPLA";"EU";"CA";92009;14;9,11917;2525473;"Cagliari";149257;;;"Cagliari";"TRUE";"Cáller";"an";"Provincia di Cagliari";"Cagliari";"city, village,...";"Italy";"seat of a first-order administrative division";"Sardinia";"CA";6;"NA";"NA";"NA";"NA";"NA";"NA";"9.17726540313081";"39.1851399044998";"39.2704608801312";"9.07649635787069";10;"85.790771484375";"NA";"NA";550534,379826638
"San Donato";"Italy";"IT";"Europe";"San Donato, Italy";"lonlat";18,110001;40,16;"NA";1;"Europe/Rome";2;"San Donato Milanese";96;3175395;"P";107;3173434;6537131;"IT";25;3174618;45,41047;"PPLA3";"EU";"MI";15192;9;9,26838;3168414;"San Donato Milanese";28351;;;"San Donato Milanese";"NA";"San Donato Milanese";"en";"Milan";"San Donato Milanese";"city, village,...";"Italy";"seat of a third-order administrative division";"Lombardy";"MI";102;"NA";"NA";"NA";"NA";"NA";"NA";"9.2888319488268";"45.3996192314235";"45.4377839811642";"9.24955468894137";10;"88.9839019775391";"NA";"NA";551328,684708219
"L'hermitage";"France";"FR";"Europe";"L'hermitage, France";"lonlat";-1,817932;48,127513;"NA";1;"Europe/Paris";2;"Tain-l'Hermitage";109;3017382;"P";-32768;3020781;2971049;"FR";"ARA";11071625;45,06672;"PPL";"EU";26;263;84;4,8559;2973531;"Tain-l’Hermitage";5923;;"Tain-l'Hermitage";"Valence";"TRUE";26600;"post";"Drôme";"Tain-l’Hermitage";"city, village,...";"France";"populated place";"Auvergne-Rhône-Alpes";26;"NA";6430251;26347;"NA";"NA";"NA";"NA";"4.86863978258654";"45.0577303512482";"45.0757176487518";"4.84316821741346";2;"77.9268951416016";"NA";"NA";613402,027044284
"Lefke";"Turkey";"TR";"Asia";"Lefke, Turkey";"lonlat";32,8304816;35,1300189;"NA";3;"Europe/Istanbul";3;"Osmaneli";115;298795;"P";114;"NA";"NA";"TR";11;321122;40,35722;"PPLA2";"AS";"NA";"NA";11;30,01417;740881;"Osmaneli";15708;;;;"NA";"https://en.wikipedia.org/wiki/Osmaneli";"link";;"Osmaneli";"city, village,...";"Turkey";"seat of a second-order administrative division";"Bilecik";"NA";"NA";"NA";"NA";"NA";"NA";"NA";"NA";"30.0354491051707";"40.3410084691366";"40.3734355308634";"29.9928848948293";2;"47.4828643798828";"NA";"NA";632400,991967801
"María";"Spain";"ES";"Europe";"María, Spain";"lonlat";-2,1659005;37,710596;"NA";1;"Europe/Madrid";2;"Luanco";25;2510769;"P";13;6355236;6359930;"ES";"AS";3114710;43,61517;"PPL";"EU";"O";33025;34;-5,79344;3117862;"Luanco";10672;;;"Gozón";"NA";"Lluancu";"ast";"Asturias";"Luanco";"city, village,...";"Spain";"populated place";"Asturias";"O";"NA";"NA";"NA";"NA";"NA";"NA";"NA";"-5.77587115091017";"43.6024495741907";"43.6278874542696";"-5.81101430136034";2;"92.9089279174805";"NA";"NA";724972,749651618
"Felix";"Spain";"ES";"Europe";"Felix, Spain";"lonlat";-2,7083287;36,8696103;"NA";1;"Europe/Madrid";2;"Monfero";435;2510769;"P";448;3119840;6357319;"ES";"GA";3336902;43,33333;"PPL";"EU";"C";15050;58;-8,01667;3116482;"Monfero";2440;;;"Monfero";"NA";15619;"post";"A Coruña";"Monfero";"city, village,...";"Spain";"populated place";"Galicia";"C";"NA";"NA";"NA";"NA";"NA";"NA";"NA";"-8.00792272566952";"43.3269738299803";"43.3396927700197";"-8.02541067433048";2;"56.4421615600586";"NA";"NA";849293,322209242
"Augusta";"Italy";"IT";"Europe";"Augusta, Italy";"lonlat";15,2216971;37,2500684;"NA";1;"Europe/Rome";2;"Turin";245;3175395;"P";245;3165523;3165525;"IT";21;3170831;45,07049;"PPLA";"EU";"TO";1272;12;7,68682;3165524;"Turin";870456;;"Centro - Crocetta";"Torino";"TRUE";"Turyn";"af";"Turin";"Turin";"city, village,...";"Italy";"seat of a first-order administrative division";"Piedmont";"TO";239;11352097;12721;"NA";"NA";"NA";"NA";"7.76285770233749";"45.0067970673826";"45.1335236504683";"7.57785991813607";10;"148.600311279297";"NA";"NA";1074419,2155117
"Sao Pedro";"Brazil";"BR";"Americas";"Sao Pedro, Brazil";"lonlat";-47,9058019;-22,5508681;"NA";-3;"America/Sao_Paulo";-3;"Rio Grande";13;3469034;"P";7;3451136;"NA";"BR";"RS";3451133;-32,035;"PPL";"SA";4315602;"NA";23;-52,09861;3451138;"Rio Grande";187838;;;;"NA";"Rio Grande";"en";"Rio Grande";"Rio Grande";"city, village,...";"Brazil";"populated place";"Rio Grande do Sul";"NA";"NA";"NA";"NA";"NA";"NA";"NA";"NA";"-52.032397456654";"-32.091165318451";"-31.978834681549";"-52.164824763346";2;"73.4563140869141";"NA";"NA";1134004,83284439
"Blanca";"Spain";"ES";"Europe";"Blanca, Spain";"lonlat";-1,376603;38,180595;"NA";0;"Atlantic/Canary";1;"Playa Blanca";16;2510769;"P";16;2515271;6360204;"ES";"CN";2593110;28,86426;"PPL";"EU";"GC";35034;53;-13,82814;2512465;"Playa Blanca";10000;;;"Yaiza";"TRUE";"Playa Blanca";"es";"Las Palmas";"Playa Blanca";"city, village,...";"Spain";"populated place";"Canary Islands";"GC";"NA";"NA";"NA";"NA";"NA";"NA";"NA";"-13.8136120008926";"28.8515450599605";"28.8769829400395";"-13.8426619991074";2;"50.5130653381348";"NA";"NA";1557657,143291
"Les";"Spain";"ES";"Europe";"Les, Spain";"wrong ";0,7117137;42,8116099;"NA";0;"Atlantic/Canary";1;"Las Palmas de Gran Canaria";15;2510769;"P";23;2515271;6360186;"ES";"CN";2593110;28,09973;"PPLA";"EU";"GC";35016;53;-15,41343;2515270;"Las Palmas de Gran Canaria";381847;;;"Las Palmas";"TRUE";"Les Palmes de Gran Canària";"ca";"Las Palmas";"Las Palmas de Gran Canaria";"city, village,...";"Spain";"seat of a first-order administrative division";"Canary Islands";"GC";"NA";"NA";"NA";"NA";"NA";"NA";"NA";"-15.3224570164276";"28.0195371342397";"28.1799168657603";"-15.5044029835724";2;"140.463348388672";"NA";"NA";2187594,22149996
"La Rambla";"Spain";"ES";"Europe";"La Rambla, Spain";"lonlat";-4,74132;37,6082;"NA";0;"Atlantic/Canary";1;"San Juan de la Rambla";81;2510769;"P";99;2511173;6360633;"ES";"CN";2593110;28,39276;"PPL";"EU";"TF";38026;53;-16,65015;2511327;"San Juan de la Rambla";5007;;;"Orotava, La";"NA";"San Juan de la Rambla";"de";"Santa Cruz de Tenerife";"San Juan de la Rambla";"city, village,...";"Spain";"populated place";"Canary Islands";"TF";"NA";"NA";"NA";"NA";"NA";"NA";"NA";"-16.63992269181";"28.3837693512486";"28.4017566487514";"-16.66037130819";2;"64.6159973144531";"NA";"NA";2237157,82971911
"Saint-Denis-De-La-Réunion";"France";"FR";"Europe";"Saint-Denis-De-La-Réunion, France";"lonlat";55,4550536;-20,8906596;"NA";1;"Europe/Paris";2;"Saint-Denis-d'Oleron";14;3017382;"P";9;3026644;2983272;"FR";"NAQ";11071620;46,03496;"PPL";"EU";17;172;75;-1,37867;2980891;"Saint-Denis-d’Oléron";1172;;"Saint-Denis-d'Oléron";"Rochefort";"TRUE";"Cité-de-la-Réunion";"fr_1793";"Charente-Maritime";"Saint-Denis-d’Oléron";"city, village,...";"France";"populated place";"Nouvelle-Aquitaine";17;"NA";6428061;17323;"NA";"NA";"NA";"NA";"-1.37737047339453";"46.0340626351249";"46.0358613648751";"-1.37996152660547";2;"57.0255661010742";"NA";"NA";9391644,5711692
"Saint-Denis Réunion";"France";"FR";"Europe";"Saint-Denis Réunion, France";"lonlat";55,4550536;-20,8906596;"NA";1;"Europe/Paris";2;"Saint-Denis-d'Oleron";14;3017382;"P";9;3026644;2983272;"FR";"NAQ";11071620;46,03496;"PPL";"EU";17;172;75;-1,37867;2980891;"Saint-Denis-d’Oléron";1172;;"Saint-Denis-d'Oléron";"Rochefort";"TRUE";"Cité-de-la-Réunion";"fr_1793";"Charente-Maritime";"Saint-Denis-d’Oléron";"city, village,...";"France";"populated place";"Nouvelle-Aquitaine";17;"NA";6428061;17323;"NA";"NA";"NA";"NA";"-1.37737047339453";"46.0340626351249";"46.0358613648751";"-1.37996152660547";2;"56.2581329345703";"NA";"NA";9391644,5711692
"Sokndal";"Norway";"NO";"Europe";"Sokndal, Norway";"lonlat";6,1405672;58,2700547;"NA";"NA";"NA";"NA";"NA";"NA";"NA";"NA";"NA";"NA";"NA";"NA";"NA";"NA";"NA";"NA";"NA";"NA";"NA";"NA";"NA";"NA";"NA";"NA";"NA";"NA";"NA";"NA";"NA";"NA";"NA";"NA";"NA";"NA";"NA";"NA";"NA";"NA";"NA";"NA";"NA";"NA";"NA";"NA";"NA";"NA";"NA";"NA";"NA";"NA";"NA";"NA";"NA"
"Crete (Region)";"Greece";"GR";"Europe";"Crete (Region), Greece";"lonlat";24,8092691;35,240117;"NA";"NA";"NA";"NA";"NA";"NA";"NA";"NA";"NA";"NA";"NA";"NA";"NA";"NA";"NA";"NA";"NA";"NA";"NA";"NA";"NA";"NA";"NA";"NA";"NA";"NA";"NA";"NA";"NA";"NA";"NA";"NA";"NA";"NA";"NA";"NA";"NA";"NA";"NA";"NA";"NA";"NA";"NA";"NA";"NA";"NA";"NA";"NA";"NA";"NA";"NA";"NA";"NA"
"Tuolumne County";"United States";"US";"Americas";"Tuolumne County, United States";"lonlat";-119,9740534;38,029655;"NA";"NA";"NA";"NA";"NA";"NA";"NA";"NA";"NA";"NA";"NA";"NA";"NA";"NA";"NA";"NA";"NA";"NA";"NA";"NA";"NA";"NA";"NA";"NA";"NA";"NA";"NA";"NA";"NA";"NA";"NA";"NA";"NA";"NA";"NA";"NA";"NA";"NA";"NA";"NA";"NA";"NA";"NA";"NA";"NA";"NA";"NA";"NA";"NA";"NA";"NA";"NA";"NA"
"Vinje";"Norway";"NO";"Europe";"Vinje, Norway";"lonlat";7,7647757;59,889972;"NA";"NA";"NA";"NA";"NA";"NA";"NA";"NA";"NA";"NA";"NA";"NA";"NA";"NA";"NA";"NA";"NA";"NA";"NA";"NA";"NA";"NA";"NA";"NA";"NA";"NA";"NA";"NA";"NA";"NA";"NA";"NA";"NA";"NA";"NA";"NA";"NA";"NA";"NA";"NA";"NA";"NA";"NA";"NA";"NA";"NA";"NA";"NA";"NA";"NA";"NA";"NA";"NA"
"NA";"Hungary";"HU";"Europe";"NA, Hungary";"wrong ";"NA";"NA";"NA";1;"Europe/Budapest";2;"Mecseknadasd";182;719819;"P";181;"NA";"NA";"HU";"BA";3055399;46,22468;"PPL";"EU";"NA";"NA";2;18,47076;3048250;"Mecseknádasd";1660;;;;"NA";"Nadoš";"hr";;"Mecseknádasd";"city, village,...";"Hungary";"populated place";"Baranya";"NA";"NA";"NA";"NA";"NA";"NA";"NA";"NA";"18.4772645703092";"46.2201841176767";"46.2291777664285";"18.4642637500032";2;"41.4979972839355";"HU";"NA";"NA"
"Kainuu Region";"Finland";"FI";"Europe";"Kainuu Region, Finland";"lonlat";28,7437475;64,3736564;"NA";"NA";"NA";"NA";"NA";"NA";"NA";"NA";"NA";"NA";"NA";"NA";"NA";"NA";"NA";"NA";"NA";"NA";"NA";"NA";"NA";"NA";"NA";"NA";"NA";"NA";"NA";"NA";"NA";"NA";"NA";"NA";"NA";"NA";"NA";"NA";"NA";"NA";"NA";"NA";"NA";"NA";"NA";"NA";"NA";"NA";"NA";"NA";"NA";"NA";"NA";"NA";"NA"
"Comunità Della Marmilla";"Italy";"IT";"Europe";"Comunità Della Marmilla, Italy";"lonlat";8,88964;39,669991;"NA";"NA";"NA";"NA";"NA";"NA";"NA";"NA";"NA";"NA";"NA";"NA";"NA";"NA";"NA";"NA";"NA";"NA";"NA";"NA";"NA";"NA";"NA";"NA";"NA";"NA";"NA";"NA";"NA";"NA";"NA";"NA";"NA";"NA";"NA";"NA";"NA";"NA";"NA";"NA";"NA";"NA";"NA";"NA";"NA";"NA";"NA";"NA";"NA";"NA";"NA";"NA";"NA"
"Župa Dubrovačka";"Croatia";"HR";"Europe";"Župa Dubrovačka, Croatia";"lonlat";18,1310083;42,5352099;"NA";"NA";"NA";"NA";"NA";"NA";"NA";"NA";"NA";"NA";"NA";"NA";"NA";"NA";"NA";"NA";"NA";"NA";"NA";"NA";"NA";"NA";"NA";"NA";"NA";"NA";"NA";"NA";"NA";"NA";"NA";"NA";"NA";"NA";"NA";"NA";"NA";"NA";"NA";"NA";"NA";"NA";"NA";"NA";"NA";"NA";"NA";"NA";"NA";"NA";"NA";"NA";"NA"
"Calore E Alburni";"Italy";"IT";"Europe";"Calore E Alburni, Italy";"lonlat";15,19211;40,426971;"NA";"NA";"NA";"NA";"NA";"NA";"NA";"NA";"NA";"NA";"NA";"NA";"NA";"NA";"NA";"NA";"NA";"NA";"NA";"NA";"NA";"NA";"NA";"NA";"NA";"NA";"NA";"NA";"NA";"NA";"NA";"NA";"NA";"NA";"NA";"NA";"NA";"NA";"NA";"NA";"NA";"NA";"NA";"NA";"NA";"NA";"NA";"NA";"NA";"NA";"NA";"NA";"NA"
"Comunità Pioniera Dello Sces (Sardegna Centrale Energia Sostenibile)";"Italy";"IT";"Europe";"Comunità Pioniera Dello Sces (Sardegna Centrale Energia Sostenibile), Italy";"lonlat";8,8383398;40,1208752;"NA";"NA";"NA";"NA";"NA";"NA";"NA";"NA";"NA";"NA";"NA";"NA";"NA";"NA";"NA";"NA";"NA";"NA";"NA";"NA";"NA";"NA";"NA";"NA";"NA";"NA";"NA";"NA";"NA";"NA";"NA";"NA";"NA";"NA";"NA";"NA";"NA";"NA";"NA";"NA";"NA";"NA";"NA";"NA";"NA";"NA";"NA";"NA";"NA";"NA";"NA";"NA";"NA"
"Golfo Di Policastro";"Italy";"IT";"Europe";"Golfo Di Policastro, Italy";"lonlat";15,6290102;40,07325;"NA";"NA";"NA";"NA";"NA";"NA";"NA";"NA";"NA";"NA";"NA";"NA";"NA";"NA";"NA";"NA";"NA";"NA";"NA";"NA";"NA";"NA";"NA";"NA";"NA";"NA";"NA";"NA";"NA";"NA";"NA";"NA";"NA";"NA";"NA";"NA";"NA";"NA";"NA";"NA";"NA";"NA";"NA";"NA";"NA";"NA";"NA";"NA";"NA";"NA";"NA";"NA";"NA"
"La Sentiu De Sió";"Spain";"ES";"Europe";"La Sentiu De Sió, Spain";"lonlat";0,8788352;41,8051712;"NA";"NA";"NA";"NA";"NA";"NA";"NA";"NA";"NA";"NA";"NA";"NA";"NA";"NA";"NA";"NA";"NA";"NA";"NA";"NA";"NA";"NA";"NA";"NA";"NA";"NA";"NA";"NA";"NA";"NA";"NA";"NA";"NA";"NA";"NA";"NA";"NA";"NA";"NA";"NA";"NA";"NA";"NA";"NA";"NA";"NA";"NA";"NA";"NA";"NA";"NA";"NA";"NA"
"Pueblonuevo Del Guadiana";"Spain";"ES";"Europe";"Pueblonuevo Del Guadiana, Spain";"lonlat";-6,7560906;38,9239475;"NA";"NA";"NA";"NA";"NA";"NA";"NA";"NA";"NA";"NA";"NA";"NA";"NA";"NA";"NA";"NA";"NA";"NA";"NA";"NA";"NA";"NA";"NA";"NA";"NA";"NA";"NA";"NA";"NA";"NA";"NA";"NA";"NA";"NA";"NA";"NA";"NA";"NA";"NA";"NA";"NA";"NA";"NA";"NA";"NA";"NA";"NA";"NA";"NA";"NA";"NA";"NA";"NA"
"Las Marismillas";"Spain";"ES";"Europe";"Las Marismillas, Spain";"lonlat";-6,47899;37,129299;"NA";"NA";"NA";"NA";"NA";"NA";"NA";"NA";"NA";"NA";"NA";"NA";"NA";"NA";"NA";"NA";"NA";"NA";"NA";"NA";"NA";"NA";"NA";"NA";"NA";"NA";"NA";"NA";"NA";"NA";"NA";"NA";"NA";"NA";"NA";"NA";"NA";"NA";"NA";"NA";"NA";"NA";"NA";"NA";"NA";"NA";"NA";"NA";"NA";"NA";"NA";"NA";"NA"
"Østfold County";"Norway";"NO";"Europe";"Østfold County, Norway";"lonlat";11,3279006;59,2558286;"NA";"NA";"NA";"NA";"NA";"NA";"NA";"NA";"NA";"NA";"NA";"NA";"NA";"NA";"NA";"NA";"NA";"NA";"NA";"NA";"NA";"NA";"NA";"NA";"NA";"NA";"NA";"NA";"NA";"NA";"NA";"NA";"NA";"NA";"NA";"NA";"NA";"NA";"NA";"NA";"NA";"NA";"NA";"NA";"NA";"NA";"NA";"NA";"NA";"NA";"NA";"NA";"NA"
"Vieland";"Netherlands";"NL";"Europe";"Vieland, Netherlands";"lonlat";4,9514271;53,2501844;"NA";"NA";"NA";"NA";"NA";"NA";"NA";"NA";"NA";"NA";"NA";"NA";"NA";"NA";"NA";"NA";"NA";"NA";"NA";"NA";"NA";"NA";"NA";"NA";"NA";"NA";"NA";"NA";"NA";"NA";"NA";"NA";"NA";"NA";"NA";"NA";"NA";"NA";"NA";"NA";"NA";"NA";"NA";"NA";"NA";"NA";"NA";"NA";"NA";"NA";"NA";"NA";"NA"
"Doba";"Papua New Guinea";"PG";"Oceania";"Doba, Papua New Guinea";"wrong ";"NA";"NA";"NA";"NA";"NA";"NA";"NA";"NA";"NA";"NA";"NA";"NA";"NA";"NA";"NA";"NA";"NA";"NA";"NA";"NA";"NA";"NA";"NA";"NA";"NA";"NA";"NA";"NA";"NA";"NA";"NA";"NA";"NA";"NA";"NA";"NA";"NA";"NA";"NA";"NA";"NA";"NA";"NA";"NA";"NA";"NA";"NA";"NA";"NA";"NA";"NA";"NA";"NA";"NA";"NA"
"Praia";"Cape Verde";"CV";"Africa";"Praia, Namibia";"NameCtr";"NA";"NA";"NA";"NA";"NA";"NA";"NA";"NA";"NA";"NA";"NA";"NA";"NA";"NA";"NA";"NA";"NA";"NA";"NA";"NA";"NA";"NA";"NA";"NA";"NA";"NA";"NA";"NA";"NA";"NA";"NA";"NA";"NA";"NA";"NA";"NA";"NA";"NA";"NA";"NA";"NA";"NA";"NA";"NA";"NA";"NA";"NA";"NA";"NA";"NA";"NA";"NA";"NA";"NA";"NA"
"Gijon";"Spain";"ES";"Europe";"Gijìon, Spain";"NameCtr";"NA";"NA";"NA";"NA";"NA";"NA";"NA";"NA";"NA";"NA";"NA";"NA";"NA";"NA";"NA";"NA";"NA";"NA";"NA";"NA";"NA";"NA";"NA";"NA";"NA";"NA";"NA";"NA";"NA";"NA";"NA";"NA";"NA";"NA";"NA";"NA";"NA";"NA";"NA";"NA";"NA";"NA";"NA";"NA";"NA";"NA";"NA";"NA";"NA";"NA";"NA";"NA";"NA";"NA";"NA"
"Örebro";"Sweden";"SE";"Europe";"Ìðrebro, Sweden";"NameCtr";"NA";"NA";"NA";"NA";"NA";"NA";"NA";"NA";"NA";"NA";"NA";"NA";"NA";"NA";"NA";"NA";"NA";"NA";"NA";"NA";"NA";"NA";"NA";"NA";"NA";"NA";"NA";"NA";"NA";"NA";"NA";"NA";"NA";"NA";"NA";"NA";"NA";"NA";"NA";"NA";"NA";"NA";"NA";"NA";"NA";"NA";"NA";"NA";"NA";"NA";"NA";"NA";"NA";"NA";"NA"
"Molou - Agiou Konstantinou";"Greece";"GR";"Europe";"Molou - Agiou Konstantinou, Greece";"lonlat";22,85384;38,758931;"NA";"NA";"NA";"NA";"NA";"NA";"NA";"NA";"NA";"NA";"NA";"NA";"NA";"NA";"NA";"NA";"NA";"NA";"NA";"NA";"NA";"NA";"NA";"NA";"NA";"NA";"NA";"NA";"NA";"NA";"NA";"NA";"NA";"NA";"NA";"NA";"NA";"NA";"NA";"NA";"NA";"NA";"NA";"NA";"NA";"NA";"NA";"NA";"NA";"NA";"NA";"NA";"NA"
"Sofades";"Greece";"GR";"Europe";"Sofadon, Greece";"NameCtr";"NA";"NA";"NA";"NA";"NA";"NA";"NA";"NA";"NA";"NA";"NA";"NA";"NA";"NA";"NA";"NA";"NA";"NA";"NA";"NA";"NA";"NA";"NA";"NA";"NA";"NA";"NA";"NA";"NA";"NA";"NA";"NA";"NA";"NA";"NA";"NA";"NA";"NA";"NA";"NA";"NA";"NA";"NA";"NA";"NA";"NA";"NA";"NA";"NA";"NA";"NA";"NA";"NA";"NA";"NA"
"Odemi";"Turkey";"TR";"Asia";"Odemi, Turkey";"lonlat";27,976804;38,225162;"NA";"NA";"NA";"NA";"NA";"NA";"NA";"NA";"NA";"NA";"NA";"NA";"NA";"NA";"NA";"NA";"NA";"NA";"NA";"NA";"NA";"NA";"NA";"NA";"NA";"NA";"NA";"NA";"NA";"NA";"NA";"NA";"NA";"NA";"NA";"NA";"NA";"NA";"NA";"NA";"NA";"NA";"NA";"NA";"NA";"NA";"NA";"NA";"NA";"NA";"NA";"NA";"NA"
"Brusnbüttel";"Germany";"DE";"Europe";"Brusnbüttel, Germany";"lonlat";9,140895;53,897897;"NA";"NA";"NA";"NA";"NA";"NA";"NA";"NA";"NA";"NA";"NA";"NA";"NA";"NA";"NA";"NA";"NA";"NA";"NA";"NA";"NA";"NA";"NA";"NA";"NA";"NA";"NA";"NA";"NA";"NA";"NA";"NA";"NA";"NA";"NA";"NA";"NA";"NA";"NA";"NA";"NA";"NA";"NA";"NA";"NA";"NA";"NA";"NA";"NA";"NA";"NA";"NA";"NA"
"Váchartyán";"Hungary";"HU";"Europe";"Váhartyán, Hungary";"lonlat";19,254765;47,723145;"NA";"NA";"NA";"NA";"NA";"NA";"NA";"NA";"NA";"NA";"NA";"NA";"NA";"NA";"NA";"NA";"NA";"NA";"NA";"NA";"NA";"NA";"NA";"NA";"NA";"NA";"NA";"NA";"NA";"NA";"NA";"NA";"NA";"NA";"NA";"NA";"NA";"NA";"NA";"NA";"NA";"NA";"NA";"NA";"NA";"NA";"NA";"NA";"NA";"NA";"NA";"NA";"NA"
"Belén";"Namibia";"NA";"Africa";"Belén, Namibia";"wrong ";"NA";"NA";"NA";"NA";"NA";"NA";"NA";"NA";"NA";"NA";"NA";"NA";"NA";"NA";"NA";"NA";"NA";"NA";"NA";"NA";"NA";"NA";"NA";"NA";"NA";"NA";"NA";"NA";"NA";"NA";"NA";"NA";"NA";"NA";"NA";"NA";"NA";"NA";"NA";"NA";"NA";"NA";"NA";"NA";"NA";"NA";"NA";"NA";"NA";"NA";"NA";"NA";"NA";"NA";"NA"
"Mogadiscio";"Somalia";"SO";"Africa";"Hodan District, Somalia";"NameCtr";"NA";"NA";"NA";"NA";"NA";"NA";"NA";"NA";"NA";"NA";"NA";"NA";"NA";"NA";"NA";"NA";"NA";"NA";"NA";"NA";"NA";"NA";"NA";"NA";"NA";"NA";"NA";"NA";"NA";"NA";"NA";"NA";"NA";"NA";"NA";"NA";"NA";"NA";"NA";"NA";"NA";"NA";"NA";"NA";"NA";"NA";"NA";"NA";"NA";"NA";"NA";"NA";"NA";"NA";"NA"
"Bogota";"Colombia";"CO";"Americas";"Asoareas - Asociación Áreas Metropolitanas, Colombia";"NameCtr";"NA";"NA";"NA";"NA";"NA";"NA";"NA";"NA";"NA";"NA";"NA";"NA";"NA";"NA";"NA";"NA";"NA";"NA";"NA";"NA";"NA";"NA";"NA";"NA";"NA";"NA";"NA";"NA";"NA";"NA";"NA";"NA";"NA";"NA";"NA";"NA";"NA";"NA";"NA";"NA";"NA";"NA";"NA";"NA";"NA";"NA";"NA";"NA";"NA";"NA";"NA";"NA";"NA";"NA";"NA"
"Pergő Margit";"Hungary";"HU";"Europe";"Pergő Margit, Hungary";"lonlat";18,13345;47,113248;"NA";"NA";"NA";"NA";"NA";"NA";"NA";"NA";"NA";"NA";"NA";"NA";"NA";"NA";"NA";"NA";"NA";"NA";"NA";"NA";"NA";"NA";"NA";"NA";"NA";"NA";"NA";"NA";"NA";"NA";"NA";"NA";"NA";"NA";"NA";"NA";"NA";"NA";"NA";"NA";"NA";"NA";"NA";"NA";"NA";"NA";"NA";"NA";"NA";"NA";"NA";"NA";"NA"
"Casalecchio di Reno";"Italy";"IT";"Europe";"Unione Dei Comuni Valli Del Reno, Lavino E Samoggia, Italy";"NameCtr";11,27728;44,477541;"NA";"NA";"NA";"NA";"NA";"NA";"NA";"NA";"NA";"NA";"NA";"NA";"NA";"NA";"NA";"NA";"NA";"NA";"NA";"NA";"NA";"NA";"NA";"NA";"NA";"NA";"NA";"NA";"NA";"NA";"NA";"NA";"NA";"NA";"NA";"NA";"NA";"NA";"NA";"NA";"NA";"NA";"NA";"NA";"NA";"NA";"NA";"NA";"NA";"NA";"NA";"NA";"NA"
"Hulyaipilska Amalgamated Community";"Ukraine";"UA";"Europe";"Hulyaipilska Amalgamated Community, Ukraine";"lonlat";36,272199;47,66153;"NA";"NA";"NA";"NA";"NA";"NA";"NA";"NA";"NA";"NA";"NA";"NA";"NA";"NA";"NA";"NA";"NA";"NA";"NA";"NA";"NA";"NA";"NA";"NA";"NA";"NA";"NA";"NA";"NA";"NA";"NA";"NA";"NA";"NA";"NA";"NA";"NA";"NA";"NA";"NA";"NA";"NA";"NA";"NA";"NA";"NA";"NA";"NA";"NA";"NA";"NA";"NA";"NA"
"Bilokurakinska Amalgamated Community";"Ukraine";"UA";"Europe";"Bilokurakinska Amalgamated Community, Ukraine";"lonlat";38,751069;49,532036;"NA";"NA";"NA";"NA";"NA";"NA";"NA";"NA";"NA";"NA";"NA";"NA";"NA";"NA";"NA";"NA";"NA";"NA";"NA";"NA";"NA";"NA";"NA";"NA";"NA";"NA";"NA";"NA";"NA";"NA";"NA";"NA";"NA";"NA";"NA";"NA";"NA";"NA";"NA";"NA";"NA";"NA";"NA";"NA";"NA";"NA";"NA";"NA";"NA";"NA";"NA";"NA";"NA"
"Demydivska Amalgamated Community";"Ukraine";"UA";"Europe";"Demydivska Amalgamated Community, Ukraine";"lonlat";25,338465;50,428605;"NA";"NA";"NA";"NA";"NA";"NA";"NA";"NA";"NA";"NA";"NA";"NA";"NA";"NA";"NA";"NA";"NA";"NA";"NA";"NA";"NA";"NA";"NA";"NA";"NA";"NA";"NA";"NA";"NA";"NA";"NA";"NA";"NA";"NA";"NA";"NA";"NA";"NA";"NA";"NA";"NA";"NA";"NA";"NA";"NA";"NA";"NA";"NA";"NA";"NA";"NA";"NA";"NA"
"Klesivska Amalgamated Community";"Ukraine";"UA";"Europe";"Klesivska Amalgamated Community, Ukraine";"lonlat";26,897921;51,316059;"NA";"NA";"NA";"NA";"NA";"NA";"NA";"NA";"NA";"NA";"NA";"NA";"NA";"NA";"NA";"NA";"NA";"NA";"NA";"NA";"NA";"NA";"NA";"NA";"NA";"NA";"NA";"NA";"NA";"NA";"NA";"NA";"NA";"NA";"NA";"NA";"NA";"NA";"NA";"NA";"NA";"NA";"NA";"NA";"NA";"NA";"NA";"NA";"NA";"NA";"NA";"NA";"NA"
"Mezhivska Amalgamated Community";"Ukraine";"UA";"Europe";"Mezhivska Amalgamated Community, Ukraine";"lonlat";36,753758;48,243424;"NA";"NA";"NA";"NA";"NA";"NA";"NA";"NA";"NA";"NA";"NA";"NA";"NA";"NA";"NA";"NA";"NA";"NA";"NA";"NA";"NA";"NA";"NA";"NA";"NA";"NA";"NA";"NA";"NA";"NA";"NA";"NA";"NA";"NA";"NA";"NA";"NA";"NA";"NA";"NA";"NA";"NA";"NA";"NA";"NA";"NA";"NA";"NA";"NA";"NA";"NA";"NA";"NA"
"Yakushintsy";"Ukraine";"UA";"Europe";"Yakushintsy, Ukraine";"lonlat";31,794054;48,787187;"NA";"NA";"NA";"NA";"NA";"NA";"NA";"NA";"NA";"NA";"NA";"NA";"NA";"NA";"NA";"NA";"NA";"NA";"NA";"NA";"NA";"NA";"NA";"NA";"NA";"NA";"NA";"NA";"NA";"NA";"NA";"NA";"NA";"NA";"NA";"NA";"NA";"NA";"NA";"NA";"NA";"NA";"NA";"NA";"NA";"NA";"NA";"NA";"NA";"NA";"NA";"NA";"NA"
"Mashivska Amalgamated Community";"Ukraine";"UA";"Europe";"Mashivska Amalgamated Community, Ukraine";"lonlat";34,868181;49,440857;"NA";"NA";"NA";"NA";"NA";"NA";"NA";"NA";"NA";"NA";"NA";"NA";"NA";"NA";"NA";"NA";"NA";"NA";"NA";"NA";"NA";"NA";"NA";"NA";"NA";"NA";"NA";"NA";"NA";"NA";"NA";"NA";"NA";"NA";"NA";"NA";"NA";"NA";"NA";"NA";"NA";"NA";"NA";"NA";"NA";"NA";"NA";"NA";"NA";"NA";"NA";"NA";"NA"
"Malodanylivska Amalgamated Territorial Community";"Ukraine";"UA";"Europe";"Malodanylivska Amalgamated Territorial Community, Ukraine";"lonlat";36,164736;50,061045;"NA";"NA";"NA";"NA";"NA";"NA";"NA";"NA";"NA";"NA";"NA";"NA";"NA";"NA";"NA";"NA";"NA";"NA";"NA";"NA";"NA";"NA";"NA";"NA";"NA";"NA";"NA";"NA";"NA";"NA";"NA";"NA";"NA";"NA";"NA";"NA";"NA";"NA";"NA";"NA";"NA";"NA";"NA";"NA";"NA";"NA";"NA";"NA";"NA";"NA";"NA";"NA";"NA"
"Mykhailivska Amalgamated Territorial Community";"Ukraine";"UA";"Europe";"Mykhailivska Amalgamated Territorial Community, Ukraine";"lonlat";34,606714;49,785972;"NA";"NA";"NA";"NA";"NA";"NA";"NA";"NA";"NA";"NA";"NA";"NA";"NA";"NA";"NA";"NA";"NA";"NA";"NA";"NA";"NA";"NA";"NA";"NA";"NA";"NA";"NA";"NA";"NA";"NA";"NA";"NA";"NA";"NA";"NA";"NA";"NA";"NA";"NA";"NA";"NA";"NA";"NA";"NA";"NA";"NA";"NA";"NA";"NA";"NA";"NA";"NA";"NA"
"Luka-Meleshkivkska";"Ukraine";"UA";"Europe";"Luka-Meleshkivkska, Ukraine";"lonlat";28,498438;49,173701;"NA";"NA";"NA";"NA";"NA";"NA";"NA";"NA";"NA";"NA";"NA";"NA";"NA";"NA";"NA";"NA";"NA";"NA";"NA";"NA";"NA";"NA";"NA";"NA";"NA";"NA";"NA";"NA";"NA";"NA";"NA";"NA";"NA";"NA";"NA";"NA";"NA";"NA";"NA";"NA";"NA";"NA";"NA";"NA";"NA";"NA";"NA";"NA";"NA";"NA";"NA";"NA";"NA"
"Comuni Aderenti All'accordo Di Programma Per Le Azioni Attuative Del Patto Dei Sindaci";"Italy";"IT";"Europe";"Comuni Aderenti All'accordo Di Programma Per Le Azioni Attuative Del Patto Dei Sindaci, Italy";"lonlat";14,382746;40,910099;"NA";"NA";"NA";"NA";"NA";"NA";"NA";"NA";"NA";"NA";"NA";"NA";"NA";"NA";"NA";"NA";"NA";"NA";"NA";"NA";"NA";"NA";"NA";"NA";"NA";"NA";"NA";"NA";"NA";"NA";"NA";"NA";"NA";"NA";"NA";"NA";"NA";"NA";"NA";"NA";"NA";"NA";"NA";"NA";"NA";"NA";"NA";"NA";"NA";"NA";"NA";"NA";"NA"
"Alssarhan";"Jordan";"JO";"Asia";"Alssarhan, Jordan";"lonlat";36;32;"NA";"NA";"NA";"NA";"NA";"NA";"NA";"NA";"NA";"NA";"NA";"NA";"NA";"NA";"NA";"NA";"NA";"NA";"NA";"NA";"NA";"NA";"NA";"NA";"NA";"NA";"NA";"NA";"NA";"NA";"NA";"NA";"NA";"NA";"NA";"NA";"NA";"NA";"NA";"NA";"NA";"NA";"NA";"NA";"NA";"NA";"NA";"NA";"NA";"NA";"NA";"NA";"NA"
"Zavodska Amalgamated Community";"Ukraine";"UA";"Europe";"Zavodska Amalgamated Community, Ukraine";"lonlat";25,8605;48,99432;"NA";"NA";"NA";"NA";"NA";"NA";"NA";"NA";"NA";"NA";"NA";"NA";"NA";"NA";"NA";"NA";"NA";"NA";"NA";"NA";"NA";"NA";"NA";"NA";"NA";"NA";"NA";"NA";"NA";"NA";"NA";"NA";"NA";"NA";"NA";"NA";"NA";"NA";"NA";"NA";"NA";"NA";"NA";"NA";"NA";"NA";"NA";"NA";"NA";"NA";"NA";"NA";"NA"
"Hladkivska Amalgamated Community";"Ukraine";"UA";"Europe";"Hladkivska Amalgamated Community, Ukraine";"lonlat";32,636238;46,408951;"NA";"NA";"NA";"NA";"NA";"NA";"NA";"NA";"NA";"NA";"NA";"NA";"NA";"NA";"NA";"NA";"NA";"NA";"NA";"NA";"NA";"NA";"NA";"NA";"NA";"NA";"NA";"NA";"NA";"NA";"NA";"NA";"NA";"NA";"NA";"NA";"NA";"NA";"NA";"NA";"NA";"NA";"NA";"NA";"NA";"NA";"NA";"NA";"NA";"NA";"NA";"NA";"NA"
"Veselivska Almalgamated Community";"Ukraine";"UA";"Europe";"Veselivska Almalgamated Community, Ukraine";"lonlat";34,529999;47;"NA";"NA";"NA";"NA";"NA";"NA";"NA";"NA";"NA";"NA";"NA";"NA";"NA";"NA";"NA";"NA";"NA";"NA";"NA";"NA";"NA";"NA";"NA";"NA";"NA";"NA";"NA";"NA";"NA";"NA";"NA";"NA";"NA";"NA";"NA";"NA";"NA";"NA";"NA";"NA";"NA";"NA";"NA";"NA";"NA";"NA";"NA";"NA";"NA";"NA";"NA";"NA";"NA"
"Sluсk";"Belarus";"BY";"Europe";"Sluсk, Belarus";"lonlat";27,559024;53,024503;"NA";"NA";"NA";"NA";"NA";"NA";"NA";"NA";"NA";"NA";"NA";"NA";"NA";"NA";"NA";"NA";"NA";"NA";"NA";"NA";"NA";"NA";"NA";"NA";"NA";"NA";"NA";"NA";"NA";"NA";"NA";"NA";"NA";"NA";"NA";"NA";"NA";"NA";"NA";"NA";"NA";"NA";"NA";"NA";"NA";"NA";"NA";"NA";"NA";"NA";"NA";"NA";"NA"
"Velykokopanivska Amalgamated Community";"Ukraine";"UA";"Europe";"Velykokopanivska Amalgamated Community, Ukraine";"lonlat";32,580002;46,290001;"NA";"NA";"NA";"NA";"NA";"NA";"NA";"NA";"NA";"NA";"NA";"NA";"NA";"NA";"NA";"NA";"NA";"NA";"NA";"NA";"NA";"NA";"NA";"NA";"NA";"NA";"NA";"NA";"NA";"NA";"NA";"NA";"NA";"NA";"NA";"NA";"NA";"NA";"NA";"NA";"NA";"NA";"NA";"NA";"NA";"NA";"NA";"NA";"NA";"NA";"NA";"NA";"NA"
"Krasnopilska Amalgamated Community";"Ukraine";"UA";"Europe";"Krasnopilska Amalgamated Community, Ukraine";"lonlat";35,255657;50,770841;"NA";"NA";"NA";"NA";"NA";"NA";"NA";"NA";"NA";"NA";"NA";"NA";"NA";"NA";"NA";"NA";"NA";"NA";"NA";"NA";"NA";"NA";"NA";"NA";"NA";"NA";"NA";"NA";"NA";"NA";"NA";"NA";"NA";"NA";"NA";"NA";"NA";"NA";"NA";"NA";"NA";"NA";"NA";"NA";"NA";"NA";"NA";"NA";"NA";"NA";"NA";"NA";"NA"
"Pendik Municipality";"Turkey";"TR";"Asia";"Pendik Municipality, Turkey";"lonlat";29,1357;40,523498;"NA";"NA";"NA";"NA";"NA";"NA";"NA";"NA";"NA";"NA";"NA";"NA";"NA";"NA";"NA";"NA";"NA";"NA";"NA";"NA";"NA";"NA";"NA";"NA";"NA";"NA";"NA";"NA";"NA";"NA";"NA";"NA";"NA";"NA";"NA";"NA";"NA";"NA";"NA";"NA";"NA";"NA";"NA";"NA";"NA";"NA";"NA";"NA";"NA";"NA";"NA";"NA";"NA"
"Khreibi";"Lebanon";"LB";"Asia";"Khreibi, Lebanon";"lonlat";35,380001;33,380001;"NA";"NA";"NA";"NA";"NA";"NA";"NA";"NA";"NA";"NA";"NA";"NA";"NA";"NA";"NA";"NA";"NA";"NA";"NA";"NA";"NA";"NA";"NA";"NA";"NA";"NA";"NA";"NA";"NA";"NA";"NA";"NA";"NA";"NA";"NA";"NA";"NA";"NA";"NA";"NA";"NA";"NA";"NA";"NA";"NA";"NA";"NA";"NA";"NA";"NA";"NA";"NA";"NA"
"Perechynska Amalgamated Territorial Community";"Ukraine";"UA";"Europe";"Perechynska Amalgamated Territorial Community, Ukraine";"lonlat";22,280001;48,439999;"NA";"NA";"NA";"NA";"NA";"NA";"NA";"NA";"NA";"NA";"NA";"NA";"NA";"NA";"NA";"NA";"NA";"NA";"NA";"NA";"NA";"NA";"NA";"NA";"NA";"NA";"NA";"NA";"NA";"NA";"NA";"NA";"NA";"NA";"NA";"NA";"NA";"NA";"NA";"NA";"NA";"NA";"NA";"NA";"NA";"NA";"NA";"NA";"NA";"NA";"NA";"NA";"NA"
"Muzykivska Amalgamated Territorial Community";"Ukraine";"UA";"Europe";"Muzykivska Amalgamated Territorial Community, Ukraine";"lonlat";32,57;46,75;"NA";"NA";"NA";"NA";"NA";"NA";"NA";"NA";"NA";"NA";"NA";"NA";"NA";"NA";"NA";"NA";"NA";"NA";"NA";"NA";"NA";"NA";"NA";"NA";"NA";"NA";"NA";"NA";"NA";"NA";"NA";"NA";"NA";"NA";"NA";"NA";"NA";"NA";"NA";"NA";"NA";"NA";"NA";"NA";"NA";"NA";"NA";"NA";"NA";"NA";"NA";"NA";"NA"
"Chkalivska Amalgamated Territorial Community";"Ukraine";"UA";"Europe";"Chkalivska Amalgamated Territorial Community, Ukraine";"lonlat";36,549999;49,419998;"NA";"NA";"NA";"NA";"NA";"NA";"NA";"NA";"NA";"NA";"NA";"NA";"NA";"NA";"NA";"NA";"NA";"NA";"NA";"NA";"NA";"NA";"NA";"NA";"NA";"NA";"NA";"NA";"NA";"NA";"NA";"NA";"NA";"NA";"NA";"NA";"NA";"NA";"NA";"NA";"NA";"NA";"NA";"NA";"NA";"NA";"NA";"NA";"NA";"NA";"NA";"NA";"NA"
"Kornynska Amalgamated Community";"Ukraine";"UA";"Europe";"Kornynska Amalgamated Community, Ukraine";"lonlat";29,32;50,049999;"NA";"NA";"NA";"NA";"NA";"NA";"NA";"NA";"NA";"NA";"NA";"NA";"NA";"NA";"NA";"NA";"NA";"NA";"NA";"NA";"NA";"NA";"NA";"NA";"NA";"NA";"NA";"NA";"NA";"NA";"NA";"NA";"NA";"NA";"NA";"NA";"NA";"NA";"NA";"NA";"NA";"NA";"NA";"NA";"NA";"NA";"NA";"NA";"NA";"NA";"NA";"NA";"NA"
"Vyshnivska Amalgamated Territorial Community";"Ukraine";"UA";"Europe";"Vyshnivska Amalgamated Territorial Community, Ukraine";"lonlat";24;51,110001;"NA";"NA";"NA";"NA";"NA";"NA";"NA";"NA";"NA";"NA";"NA";"NA";"NA";"NA";"NA";"NA";"NA";"NA";"NA";"NA";"NA";"NA";"NA";"NA";"NA";"NA";"NA";"NA";"NA";"NA";"NA";"NA";"NA";"NA";"NA";"NA";"NA";"NA";"NA";"NA";"NA";"NA";"NA";"NA";"NA";"NA";"NA";"NA";"NA";"NA";"NA";"NA";"NA"
"Komyshuvaska Amalgamated Community";"Ukraine";"UA";"Europe";"Komyshuvaska Amalgamated Community, Ukraine";"lonlat";35,310001;47,43;"NA";"NA";"NA";"NA";"NA";"NA";"NA";"NA";"NA";"NA";"NA";"NA";"NA";"NA";"NA";"NA";"NA";"NA";"NA";"NA";"NA";"NA";"NA";"NA";"NA";"NA";"NA";"NA";"NA";"NA";"NA";"NA";"NA";"NA";"NA";"NA";"NA";"NA";"NA";"NA";"NA";"NA";"NA";"NA";"NA";"NA";"NA";"NA";"NA";"NA";"NA";"NA";"NA"
"Volokyvska Community";"Ukraine";"UA";"Europe";"Volokyvska Community, Ukraine";"lonlat";25,56;48,110001;"NA";"NA";"NA";"NA";"NA";"NA";"NA";"NA";"NA";"NA";"NA";"NA";"NA";"NA";"NA";"NA";"NA";"NA";"NA";"NA";"NA";"NA";"NA";"NA";"NA";"NA";"NA";"NA";"NA";"NA";"NA";"NA";"NA";"NA";"NA";"NA";"NA";"NA";"NA";"NA";"NA";"NA";"NA";"NA";"NA";"NA";"NA";"NA";"NA";"NA";"NA";"NA";"NA"
"Smolygiv";"Ukraine";"UA";"Europe";"Smolygiv, Ukraine";"lonlat";24,57;50,459999;"NA";"NA";"NA";"NA";"NA";"NA";"NA";"NA";"NA";"NA";"NA";"NA";"NA";"NA";"NA";"NA";"NA";"NA";"NA";"NA";"NA";"NA";"NA";"NA";"NA";"NA";"NA";"NA";"NA";"NA";"NA";"NA";"NA";"NA";"NA";"NA";"NA";"NA";"NA";"NA";"NA";"NA";"NA";"NA";"NA";"NA";"NA";"NA";"NA";"NA";"NA";"NA";"NA"
"Communauté De Communes De Marie-Galante";"France";"FR";"Europe";"Communauté De Communes De Marie-Galante, France";"lonlat";-61,316403;15,882782;"NA";"NA";"NA";"NA";"NA";"NA";"NA";"NA";"NA";"NA";"NA";"NA";"NA";"NA";"NA";"NA";"NA";"NA";"NA";"NA";"NA";"NA";"NA";"NA";"NA";"NA";"NA";"NA";"NA";"NA";"NA";"NA";"NA";"NA";"NA";"NA";"NA";"NA";"NA";"NA";"NA";"NA";"NA";"NA";"NA";"NA";"NA";"NA";"NA";"NA";"NA";"NA";"NA"
"Terre Di Comino Smart Land";"Italy";"IT";"Europe";"Terre Di Comino Smart Land, Italy";"lonlat";13,7431;41,6889;"NA";"NA";"NA";"NA";"NA";"NA";"NA";"NA";"NA";"NA";"NA";"NA";"NA";"NA";"NA";"NA";"NA";"NA";"NA";"NA";"NA";"NA";"NA";"NA";"NA";"NA";"NA";"NA";"NA";"NA";"NA";"NA";"NA";"NA";"NA";"NA";"NA";"NA";"NA";"NA";"NA";"NA";"NA";"NA";"NA";"NA";"NA";"NA";"NA";"NA";"NA";"NA";"NA"
"Associazione Intercomunale Val Cosa E Val D’arzino";"Italy";"IT";"Europe";"Associazione Intercomunale Val Cosa E Val D’arzino, Italy";"lonlat";12,90307;46,199791;"NA";"NA";"NA";"NA";"NA";"NA";"NA";"NA";"NA";"NA";"NA";"NA";"NA";"NA";"NA";"NA";"NA";"NA";"NA";"NA";"NA";"NA";"NA";"NA";"NA";"NA";"NA";"NA";"NA";"NA";"NA";"NA";"NA";"NA";"NA";"NA";"NA";"NA";"NA";"NA";"NA";"NA";"NA";"NA";"NA";"NA";"NA";"NA";"NA";"NA";"NA";"NA";"NA"
"Klimaatoverleg Midwest";"Belgium";"BE";"Europe";"Klimaatoverleg Midwest, Belgium";"lonlat";3,23104;51,197891;"NA";"NA";"NA";"NA";"NA";"NA";"NA";"NA";"NA";"NA";"NA";"NA";"NA";"NA";"NA";"NA";"NA";"NA";"NA";"NA";"NA";"NA";"NA";"NA";"NA";"NA";"NA";"NA";"NA";"NA";"NA";"NA";"NA";"NA";"NA";"NA";"NA";"NA";"NA";"NA";"NA";"NA";"NA";"NA";"NA";"NA";"NA";"NA";"NA";"NA";"NA";"NA";"NA"
"Van Zee Tot Ijzer";"Belgium";"BE";"Europe";"Van Zee Tot Ijzer, Belgium";"lonlat";3,23104;51,197891;"NA";"NA";"NA";"NA";"NA";"NA";"NA";"NA";"NA";"NA";"NA";"NA";"NA";"NA";"NA";"NA";"NA";"NA";"NA";"NA";"NA";"NA";"NA";"NA";"NA";"NA";"NA";"NA";"NA";"NA";"NA";"NA";"NA";"NA";"NA";"NA";"NA";"NA";"NA";"NA";"NA";"NA";"NA";"NA";"NA";"NA";"NA";"NA";"NA";"NA";"NA";"NA";"NA"
"Dimos Orchomenoy";"Greece";"GR";"Europe";"Dimos Orchomenoy, Greece";"lonlat";22,98735;38,494301;"NA";"NA";"NA";"NA";"NA";"NA";"NA";"NA";"NA";"NA";"NA";"NA";"NA";"NA";"NA";"NA";"NA";"NA";"NA";"NA";"NA";"NA";"NA";"NA";"NA";"NA";"NA";"NA";"NA";"NA";"NA";"NA";"NA";"NA";"NA";"NA";"NA";"NA";"NA";"NA";"NA";"NA";"NA";"NA";"NA";"NA";"NA";"NA";"NA";"NA";"NA";"NA";"NA"
"Conca Agordina";"Italy";"IT";"Europe";"Conca Agordina, Italy";"lonlat";12,0345;46,28389;"NA";"NA";"NA";"NA";"NA";"NA";"NA";"NA";"NA";"NA";"NA";"NA";"NA";"NA";"NA";"NA";"NA";"NA";"NA";"NA";"NA";"NA";"NA";"NA";"NA";"NA";"NA";"NA";"NA";"NA";"NA";"NA";"NA";"NA";"NA";"NA";"NA";"NA";"NA";"NA";"NA";"NA";"NA";"NA";"NA";"NA";"NA";"NA";"NA";"NA";"NA";"NA";"NA"
"Comunità Pioniera Lughe";"Italy";"IT";"Europe";"Comunità Pioniera Lughe, Italy";"lonlat";8,50367;40,295231;"NA";"NA";"NA";"NA";"NA";"NA";"NA";"NA";"NA";"NA";"NA";"NA";"NA";"NA";"NA";"NA";"NA";"NA";"NA";"NA";"NA";"NA";"NA";"NA";"NA";"NA";"NA";"NA";"NA";"NA";"NA";"NA";"NA";"NA";"NA";"NA";"NA";"NA";"NA";"NA";"NA";"NA";"NA";"NA";"NA";"NA";"NA";"NA";"NA";"NA";"NA";"NA";"NA"
"Al Khreibi";"Lebanon";"LB";"Asia";"Al Khreibi, Lebanon";"lonlat";35,380001;33,380001;"NA";"NA";"NA";"NA";"NA";"NA";"NA";"NA";"NA";"NA";"NA";"NA";"NA";"NA";"NA";"NA";"NA";"NA";"NA";"NA";"NA";"NA";"NA";"NA";"NA";"NA";"NA";"NA";"NA";"NA";"NA";"NA";"NA";"NA";"NA";"NA";"NA";"NA";"NA";"NA";"NA";"NA";"NA";"NA";"NA";"NA";"NA";"NA";"NA";"NA";"NA";"NA";"NA"
"Mrousti";"Lebanon";"LB";"Asia";"Mrousti, Lebanon";"missing";"NA";"NA";"NA";"NA";"NA";"NA";"NA";"NA";"NA";"NA";"NA";"NA";"NA";"NA";"NA";"NA";"NA";"NA";"NA";"NA";"NA";"NA";"NA";"NA";"NA";"NA";"NA";"NA";"NA";"NA";"NA";"NA";"NA";"NA";"NA";"NA";"NA";"NA";"NA";"NA";"NA";"NA";"NA";"NA";"NA";"NA";"NA";"NA";"NA";"NA";"NA";"NA";"NA";"NA";"NA"
"Comunità Della Marmilla";"Italy";"IT";"Europe";"Comunità Della Marmilla, Italy";"lonlat";8,88964;39,669991;"NA";"NA";"NA";"NA";"NA";"NA";"NA";"NA";"NA";"NA";"NA";"NA";"NA";"NA";"NA";"NA";"NA";"NA";"NA";"NA";"NA";"NA";"NA";"NA";"NA";"NA";"NA";"NA";"NA";"NA";"NA";"NA";"NA";"NA";"NA";"NA";"NA";"NA";"NA";"NA";"NA";"NA";"NA";"NA";"NA";"NA";"NA";"NA";"NA";"NA";"NA";"NA";"NA"
"Joint Paes Ffgcss";"Italy";"IT";"Europe";"Joint Paes Ffgcss, Italy";"lonlat";14,27397;40,940922;"NA";"NA";"NA";"NA";"NA";"NA";"NA";"NA";"NA";"NA";"NA";"NA";"NA";"NA";"NA";"NA";"NA";"NA";"NA";"NA";"NA";"NA";"NA";"NA";"NA";"NA";"NA";"NA";"NA";"NA";"NA";"NA";"NA";"NA";"NA";"NA";"NA";"NA";"NA";"NA";"NA";"NA";"NA";"NA";"NA";"NA";"NA";"NA";"NA";"NA";"NA";"NA";"NA"
"Il Paes Nella Valle";"Italy";"IT";"Europe";"Il Paes Nella Valle, Italy";"lonlat";14,82629;40,774272;"NA";"NA";"NA";"NA";"NA";"NA";"NA";"NA";"NA";"NA";"NA";"NA";"NA";"NA";"NA";"NA";"NA";"NA";"NA";"NA";"NA";"NA";"NA";"NA";"NA";"NA";"NA";"NA";"NA";"NA";"NA";"NA";"NA";"NA";"NA";"NA";"NA";"NA";"NA";"NA";"NA";"NA";"NA";"NA";"NA";"NA";"NA";"NA";"NA";"NA";"NA";"NA";"NA"
"Groβgöttfritz";"Austria";"AT";"Europe";"Groβgöttfritz, Austria";"missing";"NA";"NA";"NA";"NA";"NA";"NA";"NA";"NA";"NA";"NA";"NA";"NA";"NA";"NA";"NA";"NA";"NA";"NA";"NA";"NA";"NA";"NA";"NA";"NA";"NA";"NA";"NA";"NA";"NA";"NA";"NA";"NA";"NA";"NA";"NA";"NA";"NA";"NA";"NA";"NA";"NA";"NA";"NA";"NA";"NA";"NA";"NA";"NA";"NA";"NA";"NA";"NA";"NA";"NA";"NA"
"Župa Dubrovačka";"Croatia";"HR";"Europe";"Župa Dubrovačka, Croatia";"lonlat";18,1310083;42,5352099;"NA";"NA";"NA";"NA";"NA";"NA";"NA";"NA";"NA";"NA";"NA";"NA";"NA";"NA";"NA";"NA";"NA";"NA";"NA";"NA";"NA";"NA";"NA";"NA";"NA";"NA";"NA";"NA";"NA";"NA";"NA";"NA";"NA";"NA";"NA";"NA";"NA";"NA";"NA";"NA";"NA";"NA";"NA";"NA";"NA";"NA";"NA";"NA";"NA";"NA";"NA";"NA";"NA"
"Ipa Diapason";"Italy";"IT";"Europe";"Ipa Diapason, Italy";"lonlat";11,83986;45,7789;"NA";"NA";"NA";"NA";"NA";"NA";"NA";"NA";"NA";"NA";"NA";"NA";"NA";"NA";"NA";"NA";"NA";"NA";"NA";"NA";"NA";"NA";"NA";"NA";"NA";"NA";"NA";"NA";"NA";"NA";"NA";"NA";"NA";"NA";"NA";"NA";"NA";"NA";"NA";"NA";"NA";"NA";"NA";"NA";"NA";"NA";"NA";"NA";"NA";"NA";"NA";"NA";"NA"
"Piano Di Azione Per L'energia Sostenibile Intercomunale Dei Comuni Beneventani";"Italy";"IT";"Europe";"Piano Di Azione Per L'energia Sostenibile Intercomunale Dei Comuni Beneventani, Italy";"lonlat";14,664237;41,340135;"NA";"NA";"NA";"NA";"NA";"NA";"NA";"NA";"NA";"NA";"NA";"NA";"NA";"NA";"NA";"NA";"NA";"NA";"NA";"NA";"NA";"NA";"NA";"NA";"NA";"NA";"NA";"NA";"NA";"NA";"NA";"NA";"NA";"NA";"NA";"NA";"NA";"NA";"NA";"NA";"NA";"NA";"NA";"NA";"NA";"NA";"NA";"NA";"NA";"NA";"NA";"NA";"NA"
"Unione Valli E Delizie";"Italy";"IT";"Europe";"Unione Valli E Delizie, Italy";"lonlat";11,80576;44,697849;"NA";"NA";"NA";"NA";"NA";"NA";"NA";"NA";"NA";"NA";"NA";"NA";"NA";"NA";"NA";"NA";"NA";"NA";"NA";"NA";"NA";"NA";"NA";"NA";"NA";"NA";"NA";"NA";"NA";"NA";"NA";"NA";"NA";"NA";"NA";"NA";"NA";"NA";"NA";"NA";"NA";"NA";"NA";"NA";"NA";"NA";"NA";"NA";"NA";"NA";"NA";"NA";"NA"
"Comunità Pioniera Dello Sces (Sardegna Centrale Energia Sostenibile)";"Italy";"IT";"Europe";"Comunità Pioniera Dello Sces (Sardegna Centrale Energia Sostenibile), Italy";"lonlat";8,83834;40,124298;"NA";"NA";"NA";"NA";"NA";"NA";"NA";"NA";"NA";"NA";"NA";"NA";"NA";"NA";"NA";"NA";"NA";"NA";"NA";"NA";"NA";"NA";"NA";"NA";"NA";"NA";"NA";"NA";"NA";"NA";"NA";"NA";"NA";"NA";"NA";"NA";"NA";"NA";"NA";"NA";"NA";"NA";"NA";"NA";"NA";"NA";"NA";"NA";"NA";"NA";"NA";"NA";"NA"
"Comunità Pioniera Del Parteolla";"Italy";"IT";"Europe";"Comunità Pioniera Del Parteolla, Italy";"lonlat";9,1797;39,379391;"NA";"NA";"NA";"NA";"NA";"NA";"NA";"NA";"NA";"NA";"NA";"NA";"NA";"NA";"NA";"NA";"NA";"NA";"NA";"NA";"NA";"NA";"NA";"NA";"NA";"NA";"NA";"NA";"NA";"NA";"NA";"NA";"NA";"NA";"NA";"NA";"NA";"NA";"NA";"NA";"NA";"NA";"NA";"NA";"NA";"NA";"NA";"NA";"NA";"NA";"NA";"NA";"NA"
"Associazione Intercomunale Terre Estensi";"Italy";"IT";"Europe";"Associazione Intercomunale Terre Estensi, Italy";"lonlat";11,61979;44,83812;"NA";"NA";"NA";"NA";"NA";"NA";"NA";"NA";"NA";"NA";"NA";"NA";"NA";"NA";"NA";"NA";"NA";"NA";"NA";"NA";"NA";"NA";"NA";"NA";"NA";"NA";"NA";"NA";"NA";"NA";"NA";"NA";"NA";"NA";"NA";"NA";"NA";"NA";"NA";"NA";"NA";"NA";"NA";"NA";"NA";"NA";"NA";"NA";"NA";"NA";"NA";"NA";"NA"
"Ats Obiettivozero - Valle Degli Iblei";"Italy";"IT";"Europe";"Ats Obiettivozero - Valle Degli Iblei, Italy";"lonlat";14,94001;37,119438;"NA";"NA";"NA";"NA";"NA";"NA";"NA";"NA";"NA";"NA";"NA";"NA";"NA";"NA";"NA";"NA";"NA";"NA";"NA";"NA";"NA";"NA";"NA";"NA";"NA";"NA";"NA";"NA";"NA";"NA";"NA";"NA";"NA";"NA";"NA";"NA";"NA";"NA";"NA";"NA";"NA";"NA";"NA";"NA";"NA";"NA";"NA";"NA";"NA";"NA";"NA";"NA";"NA"
"Dimos Sidikis";"Greece";"GR";"Europe";"Dimos Sidikis, Greece";"lonlat";23,36105;41,215511;"NA";"NA";"NA";"NA";"NA";"NA";"NA";"NA";"NA";"NA";"NA";"NA";"NA";"NA";"NA";"NA";"NA";"NA";"NA";"NA";"NA";"NA";"NA";"NA";"NA";"NA";"NA";"NA";"NA";"NA";"NA";"NA";"NA";"NA";"NA";"NA";"NA";"NA";"NA";"NA";"NA";"NA";"NA";"NA";"NA";"NA";"NA";"NA";"NA";"NA";"NA";"NA";"NA"
"Αglantzia";"Cyprus";"CY";"Asia";"Αglantzia, Cyprus";"lonlat";33,33252;35,103729;"NA";"NA";"NA";"NA";"NA";"NA";"NA";"NA";"NA";"NA";"NA";"NA";"NA";"NA";"NA";"NA";"NA";"NA";"NA";"NA";"NA";"NA";"NA";"NA";"NA";"NA";"NA";"NA";"NA";"NA";"NA";"NA";"NA";"NA";"NA";"NA";"NA";"NA";"NA";"NA";"NA";"NA";"NA";"NA";"NA";"NA";"NA";"NA";"NA";"NA";"NA";"NA";"NA"
"La Sentiu De Sió";"Spain";"ES";"Europe";"La Sentiu De Sió, Spain";"lonlat";0,8788352;41,8051712;"NA";"NA";"NA";"NA";"NA";"NA";"NA";"NA";"NA";"NA";"NA";"NA";"NA";"NA";"NA";"NA";"NA";"NA";"NA";"NA";"NA";"NA";"NA";"NA";"NA";"NA";"NA";"NA";"NA";"NA";"NA";"NA";"NA";"NA";"NA";"NA";"NA";"NA";"NA";"NA";"NA";"NA";"NA";"NA";"NA";"NA";"NA";"NA";"NA";"NA";"NA";"NA";"NA"
"Valli S.o.l. (Stura, Orba E Leira)";"Italy";"IT";"Europe";"Valli S.o.l. (Stura, Orba E Leira), Italy";"lonlat";8,69897;44,535912;"NA";"NA";"NA";"NA";"NA";"NA";"NA";"NA";"NA";"NA";"NA";"NA";"NA";"NA";"NA";"NA";"NA";"NA";"NA";"NA";"NA";"NA";"NA";"NA";"NA";"NA";"NA";"NA";"NA";"NA";"NA";"NA";"NA";"NA";"NA";"NA";"NA";"NA";"NA";"NA";"NA";"NA";"NA";"NA";"NA";"NA";"NA";"NA";"NA";"NA";"NA";"NA";"NA"
"Pueblonuevo Del Guadiana";"Spain";"ES";"Europe";"Pueblonuevo Del Guadiana, Spain";"lonlat";-6,7560906;38,9239475;"NA";"NA";"NA";"NA";"NA";"NA";"NA";"NA";"NA";"NA";"NA";"NA";"NA";"NA";"NA";"NA";"NA";"NA";"NA";"NA";"NA";"NA";"NA";"NA";"NA";"NA";"NA";"NA";"NA";"NA";"NA";"NA";"NA";"NA";"NA";"NA";"NA";"NA";"NA";"NA";"NA";"NA";"NA";"NA";"NA";"NA";"NA";"NA";"NA";"NA";"NA";"NA";"NA"
"Comunità Montana Media Valle Crati - Serre Cosentine";"Italy";"IT";"Europe";"Comunità Montana Media Valle Crati - Serre Cosentine, Italy";"lonlat";16,19452;39,26282;"NA";"NA";"NA";"NA";"NA";"NA";"NA";"NA";"NA";"NA";"NA";"NA";"NA";"NA";"NA";"NA";"NA";"NA";"NA";"NA";"NA";"NA";"NA";"NA";"NA";"NA";"NA";"NA";"NA";"NA";"NA";"NA";"NA";"NA";"NA";"NA";"NA";"NA";"NA";"NA";"NA";"NA";"NA";"NA";"NA";"NA";"NA";"NA";"NA";"NA";"NA";"NA";"NA"
"Sør Østerdalen";"Norway";"NO";"Europe";"Sør Østerdalen, Norway";"lonlat";11,562602;60,87989;"NA";"NA";"NA";"NA";"NA";"NA";"NA";"NA";"NA";"NA";"NA";"NA";"NA";"NA";"NA";"NA";"NA";"NA";"NA";"NA";"NA";"NA";"NA";"NA";"NA";"NA";"NA";"NA";"NA";"NA";"NA";"NA";"NA";"NA";"NA";"NA";"NA";"NA";"NA";"NA";"NA";"NA";"NA";"NA";"NA";"NA";"NA";"NA";"NA";"NA";"NA";"NA";"NA"
"Trekantomradet";"Denmark";"DK";"Europe";"Trekantomradet, Denmark";"lonlat";9,50179;56,263901;"NA";"NA";"NA";"NA";"NA";"NA";"NA";"NA";"NA";"NA";"NA";"NA";"NA";"NA";"NA";"NA";"NA";"NA";"NA";"NA";"NA";"NA";"NA";"NA";"NA";"NA";"NA";"NA";"NA";"NA";"NA";"NA";"NA";"NA";"NA";"NA";"NA";"NA";"NA";"NA";"NA";"NA";"NA";"NA";"NA";"NA";"NA";"NA";"NA";"NA";"NA";"NA";"NA"
"Oden";"Spain";"ES";"Europe";"Oden, Spain";"lonlat";1,454789;42,132644;"NA";"NA";"NA";"NA";"NA";"NA";"NA";"NA";"NA";"NA";"NA";"NA";"NA";"NA";"NA";"NA";"NA";"NA";"NA";"NA";"NA";"NA";"NA";"NA";"NA";"NA";"NA";"NA";"NA";"NA";"NA";"NA";"NA";"NA";"NA";"NA";"NA";"NA";"NA";"NA";"NA";"NA";"NA";"NA";"NA";"NA";"NA";"NA";"NA";"NA";"NA";"NA";"NA"
"Kajaran ";"Armenia";"AM";"Asia";"Karajan, Armenia";"NameCtr";46,151633;39,147549;"NA";"NA";"NA";"NA";"NA";"NA";"NA";"NA";"NA";"NA";"NA";"NA";"NA";"NA";"NA";"NA";"NA";"NA";"NA";"NA";"NA";"NA";"NA";"NA";"NA";"NA";"NA";"NA";"NA";"NA";"NA";"NA";"NA";"NA";"NA";"NA";"NA";"NA";"NA";"NA";"NA";"NA";"NA";"NA";"NA";"NA";"NA";"NA";"NA";"NA";"NA";"NA";"NA"
"Kasli";"Russia";"RU";"Europe";"Kashli, Russia";"NameCtr";"NA";"NA";"NA";"NA";"NA";"NA";"NA";"NA";"NA";"NA";"NA";"NA";"NA";"NA";"NA";"NA";"NA";"NA";"NA";"NA";"NA";"NA";"NA";"NA";"NA";"NA";"NA";"NA";"NA";"NA";"NA";"NA";"NA";"NA";"NA";"NA";"NA";"NA";"NA";"NA";"NA";"NA";"NA";"NA";"NA";"NA";"NA";"NA";"NA";"NA";"NA";"NA";"NA";"NA";"NA"
"Seggega";"Russia";"RU";"Europe";"Seggega, Russia";"missing";"NA";"NA";"NA";"NA";"NA";"NA";"NA";"NA";"NA";"NA";"NA";"NA";"NA";"NA";"NA";"NA";"NA";"NA";"NA";"NA";"NA";"NA";"NA";"NA";"NA";"NA";"NA";"NA";"NA";"NA";"NA";"NA";"NA";"NA";"NA";"NA";"NA";"NA";"NA";"NA";"NA";"NA";"NA";"NA";"NA";"NA";"NA";"NA";"NA";"NA";"NA";"NA";"NA";"NA";"NA"
"Éclagnes";"Switzerland";"CH";"Europe";"Éclagnes, Switzerland";"missing";"NA";"NA";"NA";"NA";"NA";"NA";"NA";"NA";"NA";"NA";"NA";"NA";"NA";"NA";"NA";"NA";"NA";"NA";"NA";"NA";"NA";"NA";"NA";"NA";"NA";"NA";"NA";"NA";"NA";"NA";"NA";"NA";"NA";"NA";"NA";"NA";"NA";"NA";"NA";"NA";"NA";"NA";"NA";"NA";"NA";"NA";"NA";"NA";"NA";"NA";"NA";"NA";"NA";"NA";"NA"
"Sarpsborg ";"Norway";"NO";"Europe";"Østfold County, Norway";"NameCtr";11,3279006;59,2558286;"NA";"NA";"NA";"NA";"NA";"NA";"NA";"NA";"NA";"NA";"NA";"NA";"NA";"NA";"NA";"NA";"NA";"NA";"NA";"NA";"NA";"NA";"NA";"NA";"NA";"NA";"NA";"NA";"NA";"NA";"NA";"NA";"NA";"NA";"NA";"NA";"NA";"NA";"NA";"NA";"NA";"NA";"NA";"NA";"NA";"NA";"NA";"NA";"NA";"NA";"NA";"NA";"NA"
"Vlieland";"Netherlands";"NL";"Europe";"Vieland, Netherlands";"NameCtr";4,9514271;53,2501844;"NA";"NA";"NA";"NA";"NA";"NA";"NA";"NA";"NA";"NA";"NA";"NA";"NA";"NA";"NA";"NA";"NA";"NA";"NA";"NA";"NA";"NA";"NA";"NA";"NA";"NA";"NA";"NA";"NA";"NA";"NA";"NA";"NA";"NA";"NA";"NA";"NA";"NA";"NA";"NA";"NA";"NA";"NA";"NA";"NA";"NA";"NA";"NA";"NA";"NA";"NA";"NA";"NA"
"Altra";"Italy";"IT";"Europe";"Altra, Italy";"missing";"NA";"NA";"NA";"NA";"NA";"NA";"NA";"NA";"NA";"NA";"NA";"NA";"NA";"NA";"NA";"NA";"NA";"NA";"NA";"NA";"NA";"NA";"NA";"NA";"NA";"NA";"NA";"NA";"NA";"NA";"NA";"NA";"NA";"NA";"NA";"NA";"NA";"NA";"NA";"NA";"NA";"NA";"NA";"NA";"NA";"NA";"NA";"NA";"NA";"NA";"NA";"NA";"NA";"NA";"NA"
"Nissewaard";"Netherlands";"NL";"Europe";"Nissewarde, Netherlands";"lonlat";4,328726;51,848186;"NA";"NA";"NA";"NA";"NA";"NA";"NA";"NA";"NA";"NA";"NA";"NA";"NA";"NA";"NA";"NA";"NA";"NA";"NA";"NA";"NA";"NA";"NA";"NA";"NA";"NA";"NA";"NA";"NA";"NA";"NA";"NA";"NA";"NA";"NA";"NA";"NA";"NA";"NA";"NA";"NA";"NA";"NA";"NA";"NA";"NA";"NA";"NA";"NA";"NA";"NA";"NA";"NA"
